perturbation,n_signatures,signatures,lincs_score_mean,lincs_score_max,best_rank,clinical_phase,moa,target,indication,als_trial_status,als_trial_notes,composite_score
-666,6,FUS_KO;FUS_P525L_heteroz;FUS_P525L_homoz;FUS_R495X;SHARED_MN;TARDBP_M337V,0.0636,0.1449,2,,,,,,,0.3817
YM-155,5,FUS_KO;FUS_P525L_homoz;FUS_R495X;SHARED_MN;TARDBP_M337V,0.0651,0.1014,3,Phase 2,survivin inhibitor,BIRC5,,,,0.3255
"Ingenol 3, 20-dibenzoate",5,FUS_KO;FUS_P525L_heteroz;FUS_R495X;SHARED_MN;TARDBP_M337V,0.0638,0.1594,1,,,,,,,0.319
Importazole,5,FUS_KO;FUS_P525L_heteroz;FUS_P525L_homoz;FUS_R495X;SHARED_MN,0.0626,0.1014,2,,,,,,,0.3129
vorinostat,5,FUS_KO;FUS_P525L_heteroz;FUS_R495X;SHARED_MN;TARDBP_M337V,0.0616,0.1014,3,Launched,HDAC inhibitor,HDAC1|HDAC10|HDAC11|HDAC2|HDAC3|HDAC5|HDAC6|HDAC8|HDAC9,cutaneous T-cell lymphoma (CTCL),,,0.3082
phorbol-12-myristate-13-acetate (PMA),5,FUS_KO;FUS_P525L_heteroz;FUS_R495X;SHARED_MN;TARDBP_M337V,0.0611,0.1159,6,,,,,,,0.3054
PLX-4720,4,FUS_KO;FUS_P525L_heteroz;FUS_R495X;SHARED_MN,0.0693,0.1159,8,Preclinical,RAF inhibitor,BRAF|KDR,,,,0.2774
JNK-9L,4,FUS_KO;FUS_P525L_homoz;SHARED_MN;TARDBP_M337V,0.0668,0.1159,10,,,,,,,0.2673
Arachidonyl trifluoro-methyl ketone,4,FUS_KO;FUS_P525L_heteroz;FUS_P525L_homoz;SHARED_MN,0.0654,0.1014,1,,,,,,,0.2616
withaferin-a,5,FUS_KO;FUS_P525L_heteroz;FUS_P525L_homoz;FUS_R495X;TARDBP_M337V,0.0514,0.0612,10,,,,,,,0.2569
S1130,3,FUS_P525L_heteroz;SHARED_MN;TARDBP_M337V,0.0814,0.1304,7,,,,,,,0.2441
PERHEXILINE MALEATE,3,FUS_P525L_heteroz;SHARED_MN;TARDBP_M337V,0.0781,0.1159,4,,,,,,,0.2343
CGP-60474,4,FUS_KO;FUS_P525L_homoz;SHARED_MN;TARDBP_M337V,0.057,0.1014,2,Preclinical,CDK inhibitor,CDK1|CDK2,,,,0.2279
PF-562271,3,FUS_P525L_homoz;SHARED_MN;TARDBP_M337V,0.075,0.1159,4,Phase 1,focal adhesion kinase inhibitor,PTK2|PTK2B,,,,0.2249
F1566-0341,3,FUS_P525L_heteroz;SHARED_MN;TARDBP_M337V,0.0748,0.1159,18,,,,,,,0.2245
BMS-387032,3,FUS_P525L_homoz;SHARED_MN;TARDBP_M337V,0.0741,0.1304,5,Phase 1,CDK inhibitor|cell cycle inhibitor|MCL1 inhibitor,CDK2|CDK7|CDK9,,,,0.2222
ABT-751,3,FUS_KO;FUS_R495X;SHARED_MN,0.0717,0.1304,5,Phase 2,tubulin polymerization inhibitor,TUBB,,,,0.2152
WZ-3105,3,FUS_P525L_heteroz;FUS_P525L_homoz;SHARED_MN,0.0716,0.1159,3,,,,,,,0.2149
Narciclasine,3,FUS_KO;FUS_P525L_heteroz;SHARED_MN,0.0707,0.1304,1,,,,,,,0.2122
Anisomycin,3,FUS_KO;FUS_P525L_heteroz;SHARED_MN,0.0682,0.1014,21,Preclinical,DNA synthesis inhibitor,NHP2L1|RPL10L|RPL11|RPL13A|RPL15|RPL19|RPL23|RPL23A|RPL26L1|RPL3|RPL37|RPL8|RSL24D1,,,,0.2047
Ro 28-1675 ?,3,FUS_KO;FUS_P525L_heteroz;SHARED_MN,0.0682,0.1014,23,,,,,,,0.2047
gemcitabine,3,FUS_P525L_homoz;SHARED_MN;TARDBP_M337V,0.0654,0.1014,12,Launched,ribonucleotide reductase inhibitor,CMPK1|RRM1|RRM2|TYMS,ovarian cancer|breast cancer|non-small cell lung cancer (NSCLC)|pancreatic cancer,,,0.1962
manumycin A,3,FUS_KO;FUS_P525L_homoz;SHARED_MN,0.0653,0.1014,9,,,,,,,0.196
torin-1,2,FUS_P525L_heteroz;SHARED_MN,0.0932,0.1304,11,Preclinical,mTOR inhibitor,MTOR,,,,0.1865
PI-103,2,FUS_P525L_heteroz;SHARED_MN,0.0911,0.1159,11,Preclinical,mTOR inhibitor|PI3K inhibitor,MTOR|PIK3CA|PIK3CB|PIK3CD|PIK3CG|PRKDC,,,,0.1822
"""""""4-[(1-methyl-2-oxo-1,2-dihydroquinolin-4-yl)oxy]-N-(4-methylpyridin-2-yl)butanamide""""""",2,FUS_P525L_homoz;SHARED_MN,0.0889,0.1304,6,,,,,,,0.1778
VU0415113-1,2,FUS_R495X;SHARED_MN,0.0844,0.1159,12,,,,,,,0.1688
Emetine Dihydrochloride Hydrate (74),2,FUS_P525L_heteroz;SHARED_MN,0.0797,0.1014,2,,,,,,,0.1594
Etoposide,2,SHARED_MN;TARDBP_M337V,0.0791,0.1014,6,Launched,topoisomerase inhibitor,TOP2A|TOP2B,non-small cell lung cancer (NSCLC),,,0.1583
Cycloheximide,3,FUS_KO;FUS_P525L_heteroz;FUS_R495X,0.0517,0.0612,13,Preclinical,protein synthesis inhibitor,RPL3,,,,0.1552
QL-XII-47,3,FUS_KO;FUS_P525L_heteroz;FUS_R495X,0.0503,0.0561,37,,,,,,,0.1509
PERIPLOCYMARIN,2,FUS_KO;SHARED_MN,0.072,0.1014,31,,,,,,,0.1439
trichostatin A,3,FUS_KO;FUS_P525L_homoz;FUS_R495X,0.0474,0.0519,16,Phase 1,HDAC inhibitor,HDAC1|HDAC10|HDAC2|HDAC3|HDAC4|HDAC5|HDAC6|HDAC7|HDAC8|HDAC9,,,,0.1422
selumetinib,2,FUS_KO;FUS_R495X,0.0604,0.0688,2,Phase 3,MEK inhibitor,MAP2K1,,,,0.1207
2-Chloro-N-heptyl-N-m-tolyl-acetamide,1,SHARED_MN,0.1159,0.1159,15,,,,,,,0.1159
S1176,1,SHARED_MN,0.1159,0.1159,17,,,,,,,0.1159
Salermide,2,FUS_KO;TARDBP_M337V,0.0544,0.0616,1,,,,,,,0.1088
GSK-2126458,2,FUS_P525L_heteroz;FUS_P525L_homoz,0.0543,0.0612,22,Phase 1,mTOR inhibitor|PI3K inhibitor,MTOR|PIK3CA|PIK3CB|PIK3CD|PIK3CG,,,,0.1086
EMETINE,2,FUS_KO;FUS_P525L_heteroz,0.054,0.0561,8,Phase 2,protein synthesis inhibitor,RPS2,,,,0.108
"2-Dichloromethyl-4-ethylsulfanyl-6-phenyl-[1,3,5]triazine MLS-0208612.0001",2,FUS_P525L_heteroz;FUS_P525L_homoz,0.0519,0.0612,15,,,,,,,0.1039
PX12,2,FUS_P525L_heteroz;FUS_P525L_homoz,0.0517,0.0561,18,Phase 2,thioredoxin inhibitor,CNR1|TXN,,,,0.1035
NOCODAZOLE,1,SHARED_MN,0.1014,0.1014,28,Preclinical,tubulin polymerization inhibitor,HPGDS,,,,0.1014
cercosporin,2,FUS_P525L_homoz;TARDBP_M337V,0.0498,0.0521,4,,,,,,,0.0995
528116.cdx,2,FUS_P525L_homoz;FUS_R495X,0.0478,0.0529,10,,,,,,,0.0956
JNK-IN-5A,2,FUS_KO;FUS_R495X,0.0474,0.0476,31,,,,,,,0.0948
METHYLENE BLUE,2,FUS_KO;FUS_R495X,0.0471,0.0519,12,Launched,guanylyl cyclase inhibitor|nitric oxide production inhibitor,ACHE,methemoglobinemia,,,0.0942
auranofin,2,FUS_P525L_homoz;FUS_R495X,0.0452,0.0476,20,Launched,NFkB pathway inhibitor,IKBKB|PRDX5|TRPA1,rheumatoid arthritis,,,0.0903
LY-2183240,2,FUS_R495X;TARDBP_M337V,0.0449,0.0474,36,Preclinical,FAAH inhibitor|FAAH reuptake inhibitor,FAAH,,,,0.0897
TENIPOSIDE,2,FUS_P525L_homoz;FUS_R495X,0.0425,0.0427,34,Launched,topoisomerase inhibitor,TOP2A|TOP2B,acute lymphoblastic leukemia (ALL),,,0.085
wortmannin,1,FUS_P525L_heteroz,0.0663,0.0663,6,Preclinical,PI3K inhibitor,PI4KA|PI4KB|PIK3CA|PIK3CD|PIK3CG|PIK3R1|PLK1|PRKDC,,,,0.0663
foretinib,1,FUS_P525L_heteroz,0.0663,0.0663,9,Phase 2,VEGFR inhibitor,FLT1|FLT4|KDR|MET,,,,0.0663
sorafenib,1,FUS_P525L_heteroz,0.0663,0.0663,10,Launched,FLT3 inhibitor|KIT inhibitor|PDGFR tyrosine kinase receptor inhibitor|RAF inhibitor|RET tyrosine kinase inhibitor|VEGFR inhibitor,BRAF|DDR2|FGFR1|FLT1|FLT3|FLT4|KDR|KIT|PDGFRB|RAF1|RET,renal cell carcinoma (RCC)|thyroid cancer|hepatocellular carcinoma (HCC),,,0.0663
WZ-4-145,1,FUS_R495X,0.0662,0.0688,1,,,,,,,0.0662
trametinib,1,FUS_R495X,0.0635,0.0635,4,Launched,MEK inhibitor,MAP2K1|MAP2K2,melanoma,,,0.0635
NSC 3852,1,FUS_KO,0.0613,0.0613,1,Preclinical,HDAC inhibitor,HDAC1,,,,0.0613
C8273,1,FUS_P525L_heteroz,0.0612,0.0612,17,,,,,,,0.0612
Homoharringtonine,1,FUS_P525L_heteroz,0.0586,0.0612,12,Launched,protein synthesis inhibitor,RPL3,chronic myeloid leukemia (CML),,,0.0586
MG-132,1,FUS_KO,0.0566,0.0566,4,Preclinical,proteasome inhibitor,PSMB1,,,,0.0566
mitoxantrone,1,FUS_KO,0.0566,0.0566,7,Launched,topoisomerase inhibitor,TOP2A,multiple sclerosis|prostate cancer|acute myeloid leukemia (AML),,,0.0566
BVT 948,1,FUS_P525L_heteroz,0.0561,0.0561,28,Preclinical,tyrosine phosphatase inhibitor,PTPN1|PTPN11|PTPN2,,,,0.0561
Ursolic Acid,1,FUS_P525L_heteroz,0.0561,0.0561,32,Phase 2/Phase 3,ATPase inhibitor|NFkB pathway inhibitor|STAT inhibitor,HSD11B1|PLA2G1B|PTPN1|PYGM,,,,0.0561
X0379,1,FUS_P525L_heteroz,0.0561,0.0561,41,,,,,,,0.0561
entinostat,1,FUS_P525L_heteroz,0.0561,0.0561,47,Phase 3,HDAC inhibitor,HDAC1|HDAC2|HDAC3|HDAC9,,,,0.0561
AT-7519,1,TARDBP_M337V,0.0545,0.0569,12,Phase 2,CDK inhibitor,CDK1|CDK2|CDK4|CDK5|CDK6|CDK9,,,,0.0545
MENADIONE,1,TARDBP_M337V,0.0522,0.0569,7,Launched,mitochondrial DNA polymerase inhibitor|phosphatase inhibitor,AOX1|BGLAP|F10|F2|F7|F9|GGCX|NQO1|NQO2|PROC|PROS1|PROZ|VKORC1|VKORC1L1,ulcerative colitis|diarrhea|headache|varicose veins|rheumatoid arthritis,,,0.0522
MK-0591,1,TARDBP_M337V,0.0521,0.0521,14,,,,,,,0.0521
NICLOSAMIDE,1,TARDBP_M337V,0.0521,0.0521,15,Launched,DNA replication inhibitor|STAT inhibitor,STAT3,tapeworm,,,0.0521
MST- 312,1,TARDBP_M337V,0.0521,0.0521,18,,,,,,,0.0521
Dorsomorphin dihydrochloride,1,TARDBP_M337V,0.0521,0.0521,20,,,,,,,0.0521
7241-4207,1,TARDBP_M337V,0.0521,0.0521,22,,,,,,,0.0521
nilotinib,1,TARDBP_M337V,0.0521,0.0521,23,Launched,Abl kinase inhibitor|Bcr-Abl kinase inhibitor,ABL1|KIT,chronic myeloid leukemia (CML),,,0.0521
PHA-793887,1,TARDBP_M337V,0.0521,0.0521,29,Phase 1,CDK inhibitor,CDK1|CDK2|CDK4|CDK5|CDK7|CDK9,,,,0.0521
BMS-345541,1,TARDBP_M337V,0.0521,0.0521,31,Preclinical,IKK inhibitor,CHUK|IKBKB,,,,0.0521
NCGC00188536-01,1,FUS_KO,0.0519,0.0519,14,,,,,,,0.0519
WYE-125132,1,FUS_R495X,0.0503,0.0529,14,Preclinical,mTOR inhibitor,MTOR,,,,0.0503
MW-ras12,1,FUS_R495X,0.0476,0.0476,17,,,,,,,0.0476
"""""""Ingenol 3, 20-dibenzoate""""""",1,FUS_R495X,0.0476,0.0476,18,,,,,,,0.0476
MLN2238,1,FUS_R495X,0.0476,0.0476,22,,,,,,,0.0476
DG-041,1,FUS_R495X,0.0476,0.0476,24,,,,,,,0.0476
PF-477736,1,FUS_R495X,0.0476,0.0476,32,Phase 1,CHK inhibitor,CHEK1|CHEK2,,,,0.0476
AS-605240,1,FUS_R495X,0.0476,0.0476,34,,,,,,,0.0476
PD-0325901,1,FUS_R495X,0.0476,0.0476,36,Phase 2,MEK inhibitor,MAP2K1,,,,0.0476
curcubitacin I,1,FUS_P525L_homoz,0.0474,0.0474,17,,,,,,,0.0474
Chemistry 2804,1,FUS_P525L_homoz,0.0474,0.0474,19,,,,,,,0.0474
5846833,1,FUS_P525L_homoz,0.0474,0.0474,21,,,,,,,0.0474
DL-PDMP,1,TARDBP_M337V,0.0474,0.0474,33,,,,,,,0.0474
GW405833 hydrochloride,1,TARDBP_M337V,0.0474,0.0474,35,,,,,,,0.0474
HY-11001,1,TARDBP_M337V,0.0474,0.0474,45,,,,,,,0.0474
KM 00927,1,TARDBP_M337V,0.0474,0.0474,47,,,,,,,0.0474
pelitinib,1,FUS_KO,0.0472,0.0472,36,Phase 2,EGFR inhibitor,EGFR,,,,0.0472
AZ20,1,FUS_KO,0.0472,0.0472,42,Preclinical,ATR kinase inhibitor,ATR|MTOR,,,,0.0472
CPT 11,1,FUS_P525L_homoz,0.0427,0.0427,31,,,,,,,0.0427
PALDA,1,FUS_P525L_homoz,0.0427,0.0427,32,,,,,,,0.0427
CGK 733,1,FUS_P525L_homoz,0.0427,0.0427,33,Preclinical,ATM kinase inhibitor|ATR kinase inhibitor,ATM|ATR,,,,0.0427
3-(piperidin-1-yl)propyl-4-amino-5-chloro-2methoxybenzoate . Hydrochloride,1,FUS_P525L_homoz,0.0427,0.0427,39,,,,,,,0.0427
NCGC00188740-01,1,FUS_P525L_homoz,0.0427,0.0427,42,,,,,,,0.0427
NCGC00238536-01,1,FUS_P525L_homoz,0.0427,0.0427,43,,,,,,,0.0427
GR-231,1,FUS_P525L_homoz,0.0427,0.0427,50,,,,,,,0.0427
SERICETIN DIMETHYL ETHER,1,FUS_KO,0.0425,0.0425,43,,,,,,,0.0425
BI 2536,1,FUS_KO,0.0425,0.0425,45,Phase 2,PLK inhibitor,BRD4|PLK1|PLK2|PLK3,,,,0.0425
PNU 74654,1,FUS_KO,0.0425,0.0425,46,Preclinical,beta-catenin inhibitor,CTNNB1|TCF4,,,,0.0425
4-Demethoxydaunorubicin hydrochloride (65),1,FUS_KO,0.0425,0.0425,48,,,,,,,0.0425
